concept,prefLabel,altLabels
https://data.geoscience.earth/ncl/ISO11074v2025/3.1,abandoned hazardous site,
https://data.geoscience.earth/ncl/ISO11074v2025/3.10,active soil gas sampling,
https://data.geoscience.earth/ncl/ISO11074v2025/3.100,core sample,
https://data.geoscience.earth/ncl/ISO11074v2025/3.101,correlatory sample,
https://data.geoscience.earth/ncl/ISO11074v2025/3.102,cover system,
https://data.geoscience.earth/ncl/ISO11074v2025/3.103,critical concentration,
https://data.geoscience.earth/ncl/ISO11074v2025/3.104,critical load,
https://data.geoscience.earth/ncl/ISO11074v2025/3.105,cross contamination,
https://data.geoscience.earth/ncl/ISO11074v2025/3.106,cumulative CO2 evolution,cumulative O2 consumption;CR
https://data.geoscience.earth/ncl/ISO11074v2025/3.107,cutting cylinder,
https://data.geoscience.earth/ncl/ISO11074v2025/3.108,cycle threshold,
https://data.geoscience.earth/ncl/ISO11074v2025/3.109,degraded land,
https://data.geoscience.earth/ncl/ISO11074v2025/3.11,actual increment size,
https://data.geoscience.earth/ncl/ISO11074v2025/3.110,data quality objectives,
https://data.geoscience.earth/ncl/ISO11074v2025/3.111,dead volume,
https://data.geoscience.earth/ncl/ISO11074v2025/3.112,dechlorination,
https://data.geoscience.earth/ncl/ISO11074v2025/3.113,decomposition,
https://data.geoscience.earth/ncl/ISO11074v2025/3.114,decontamination,
https://data.geoscience.earth/ncl/ISO11074v2025/3.115,deep soil,
https://data.geoscience.earth/ncl/ISO11074v2025/3.116,degradation,
https://data.geoscience.earth/ncl/ISO11074v2025/3.117,degraded soil,
https://data.geoscience.earth/ncl/ISO11074v2025/3.118,dehydrogenase activity,
https://data.geoscience.earth/ncl/ISO11074v2025/3.119,dense non-aqueous phase liquid,DNAPL
https://data.geoscience.earth/ncl/ISO11074v2025/3.12,actual sample size,
https://data.geoscience.earth/ncl/ISO11074v2025/3.120,depth related sample,metric sample
https://data.geoscience.earth/ncl/ISO11074v2025/3.121,derelict site,
https://data.geoscience.earth/ncl/ISO11074v2025/3.122,dermal exposure,
https://data.geoscience.earth/ncl/ISO11074v2025/3.123,diapause,
https://data.geoscience.earth/ncl/ISO11074v2025/3.124,diffuse source input,
https://data.geoscience.earth/ncl/ISO11074v2025/3.125,direct method,direct measuring method
https://data.geoscience.earth/ncl/ISO11074v2025/3.126,direct-reading detecting tube,
https://data.geoscience.earth/ncl/ISO11074v2025/3.127,displacement barrier,
https://data.geoscience.earth/ncl/ISO11074v2025/3.128,dissolved organic carbon,DOC
https://data.geoscience.earth/ncl/ISO11074v2025/3.129,disturbed sample,
https://data.geoscience.earth/ncl/ISO11074v2025/3.13,aerobic,
https://data.geoscience.earth/ncl/ISO11074v2025/3.130,donor site,
https://data.geoscience.earth/ncl/ISO11074v2025/3.131,dose,
https://data.geoscience.earth/ncl/ISO11074v2025/3.132,dose-response relationship,
https://data.geoscience.earth/ncl/ISO11074v2025/3.133,dredged material,
https://data.geoscience.earth/ncl/ISO11074v2025/3.134,drilling,
https://data.geoscience.earth/ncl/ISO11074v2025/3.135,drying,
https://data.geoscience.earth/ncl/ISO11074v2025/3.136,DT-50,
https://data.geoscience.earth/ncl/ISO11074v2025/3.137,DT-90,
https://data.geoscience.earth/ncl/ISO11074v2025/3.138,earthwork,
https://data.geoscience.earth/ncl/ISO11074v2025/3.139,ecological effect,
https://data.geoscience.earth/ncl/ISO11074v2025/3.14,aerobic biological treatment,
https://data.geoscience.earth/ncl/ISO11074v2025/3.140,ecosystem service,
https://data.geoscience.earth/ncl/ISO11074v2025/3.141,effect concentration for x % effect,ECx
https://data.geoscience.earth/ncl/ISO11074v2025/3.142,effectiveness,
https://data.geoscience.earth/ncl/ISO11074v2025/3.143,electrokinetic remediation,
https://data.geoscience.earth/ncl/ISO11074v2025/3.144,engineering-based method,
https://data.geoscience.earth/ncl/ISO11074v2025/3.145,environmental fate analysis,
https://data.geoscience.earth/ncl/ISO11074v2025/3.146,environmental justice,
https://data.geoscience.earth/ncl/ISO11074v2025/3.147,environmental medium,
https://data.geoscience.earth/ncl/ISO11074v2025/3.148,environmental protection plan,
https://data.geoscience.earth/ncl/ISO11074v2025/3.149,enzyme,
https://data.geoscience.earth/ncl/ISO11074v2025/3.15,aftercare management,
https://data.geoscience.earth/ncl/ISO11074v2025/3.150,equivalent carbon number,
https://data.geoscience.earth/ncl/ISO11074v2025/3.151,essential trace element,
https://data.geoscience.earth/ncl/ISO11074v2025/3.152,ex situ treatment method,
https://data.geoscience.earth/ncl/ISO11074v2025/3.153,excavated barrier,
https://data.geoscience.earth/ncl/ISO11074v2025/3.154,excavated soil,
https://data.geoscience.earth/ncl/ISO11074v2025/3.155,excavation,
https://data.geoscience.earth/ncl/ISO11074v2025/3.156,exploratory investigation,phase 2
https://data.geoscience.earth/ncl/ISO11074v2025/3.157,exposed population investigation,
https://data.geoscience.earth/ncl/ISO11074v2025/3.158,exposure,
https://data.geoscience.earth/ncl/ISO11074v2025/3.159,exposure,
https://data.geoscience.earth/ncl/ISO11074v2025/3.16,aggressive soil conditions,
https://data.geoscience.earth/ncl/ISO11074v2025/3.160,exposure,
https://data.geoscience.earth/ncl/ISO11074v2025/3.161,exposure assessment,
https://data.geoscience.earth/ncl/ISO11074v2025/3.162,exposure pathway,exposure route
https://data.geoscience.earth/ncl/ISO11074v2025/3.163,exposure pathway identification,
https://data.geoscience.earth/ncl/ISO11074v2025/3.164,extractable fraction,
https://data.geoscience.earth/ncl/ISO11074v2025/3.165,field blank,
https://data.geoscience.earth/ncl/ISO11074v2025/3.166,field capacity,FC
https://data.geoscience.earth/ncl/ISO11074v2025/3.167,field sample,
https://data.geoscience.earth/ncl/ISO11074v2025/3.168,field spike,
https://data.geoscience.earth/ncl/ISO11074v2025/3.169,fill,
https://data.geoscience.earth/ncl/ISO11074v2025/3.17,air-sparging,
https://data.geoscience.earth/ncl/ISO11074v2025/3.170,filter characteristic,
https://data.geoscience.earth/ncl/ISO11074v2025/3.171,final sample,
https://data.geoscience.earth/ncl/ISO11074v2025/3.172,fraction,
https://data.geoscience.earth/ncl/ISO11074v2025/3.173,freeze-dried bacteria,
https://data.geoscience.earth/ncl/ISO11074v2025/3.174,fresh sample,
https://data.geoscience.earth/ncl/ISO11074v2025/3.175,fungal treatment,
https://data.geoscience.earth/ncl/ISO11074v2025/3.176,gas chromatography,
https://data.geoscience.earth/ncl/ISO11074v2025/3.177,gas control system,
https://data.geoscience.earth/ncl/ISO11074v2025/3.178,gas migration,
https://data.geoscience.earth/ncl/ISO11074v2025/3.179,gas monitoring well,
https://data.geoscience.earth/ncl/ISO11074v2025/3.18,aliphatic hydrocarbon,
https://data.geoscience.earth/ncl/ISO11074v2025/3.180,gas protection measure,
https://data.geoscience.earth/ncl/ISO11074v2025/3.181,gas sampling,
https://data.geoscience.earth/ncl/ISO11074v2025/3.182,general exposure pattern,
https://data.geoscience.earth/ncl/ISO11074v2025/3.183,geocomposite,
https://data.geoscience.earth/ncl/ISO11074v2025/3.184,geogrid,geomesh
https://data.geoscience.earth/ncl/ISO11074v2025/3.185,geomembrane,
https://data.geoscience.earth/ncl/ISO11074v2025/3.186,geoproduct,
https://data.geoscience.earth/ncl/ISO11074v2025/3.187,geostatistics,
https://data.geoscience.earth/ncl/ISO11074v2025/3.188,geosynthetic,
https://data.geoscience.earth/ncl/ISO11074v2025/3.189,geotextile,
https://data.geoscience.earth/ncl/ISO11074v2025/3.19,aliquot,
https://data.geoscience.earth/ncl/ISO11074v2025/3.190,gravimetric water content,Ww
https://data.geoscience.earth/ncl/ISO11074v2025/3.191,groundwater,
https://data.geoscience.earth/ncl/ISO11074v2025/3.192,groundwater extraction,
https://data.geoscience.earth/ncl/ISO11074v2025/3.193,groundwater surface,water table
https://data.geoscience.earth/ncl/ISO11074v2025/3.194,growth,
https://data.geoscience.earth/ncl/ISO11074v2025/3.195,growth medium,
https://data.geoscience.earth/ncl/ISO11074v2025/3.196,guideline value,
https://data.geoscience.earth/ncl/ISO11074v2025/3.197,habitat function,
https://data.geoscience.earth/ncl/ISO11074v2025/3.198,harm,
https://data.geoscience.earth/ncl/ISO11074v2025/3.199,harmlessness,
https://data.geoscience.earth/ncl/ISO11074v2025/3.2,abandoned industrial site,
https://data.geoscience.earth/ncl/ISO11074v2025/3.20,ammonification,
https://data.geoscience.earth/ncl/ISO11074v2025/3.200,hazard,
https://data.geoscience.earth/ncl/ISO11074v2025/3.201,hazardous site,
https://data.geoscience.earth/ncl/ISO11074v2025/3.202,hazardous substance,
https://data.geoscience.earth/ncl/ISO11074v2025/3.203,heterogeneous,
https://data.geoscience.earth/ncl/ISO11074v2025/3.204,homogeneous,
https://data.geoscience.earth/ncl/ISO11074v2025/3.205,horizon related sample,
https://data.geoscience.earth/ncl/ISO11074v2025/3.206,hormesis,
https://data.geoscience.earth/ncl/ISO11074v2025/3.207,humification,
https://data.geoscience.earth/ncl/ISO11074v2025/3.208,humus,
https://data.geoscience.earth/ncl/ISO11074v2025/3.209,hydraulic measure,
https://data.geoscience.earth/ncl/ISO11074v2025/3.21,amplicon,
https://data.geoscience.earth/ncl/ISO11074v2025/3.210,hydrocarbon,
https://data.geoscience.earth/ncl/ISO11074v2025/3.211,hydrolysis,
https://data.geoscience.earth/ncl/ISO11074v2025/3.212,hyphae,
https://data.geoscience.earth/ncl/ISO11074v2025/3.213,hypothesis of soil contamination,
https://data.geoscience.earth/ncl/ISO11074v2025/3.214,immediate measure,
https://data.geoscience.earth/ncl/ISO11074v2025/3.215,immobilization,
https://data.geoscience.earth/ncl/ISO11074v2025/3.216,in situ treatment method,
https://data.geoscience.earth/ncl/ISO11074v2025/3.217,incineration,
https://data.geoscience.earth/ncl/ISO11074v2025/3.218,increment,
https://data.geoscience.earth/ncl/ISO11074v2025/3.219,indicator,
https://data.geoscience.earth/ncl/ISO11074v2025/3.22,anaerobic,
https://data.geoscience.earth/ncl/ISO11074v2025/3.220,indicator compound,
https://data.geoscience.earth/ncl/ISO11074v2025/3.221,indicator substance,
https://data.geoscience.earth/ncl/ISO11074v2025/3.222,indigenous,
https://data.geoscience.earth/ncl/ISO11074v2025/3.223,ingestion exposure,
https://data.geoscience.earth/ncl/ISO11074v2025/3.224,in-ground sampling,
https://data.geoscience.earth/ncl/ISO11074v2025/3.225,inhalation exposure,
https://data.geoscience.earth/ncl/ISO11074v2025/3.226,inhibitory dose,ID
https://data.geoscience.earth/ncl/ISO11074v2025/3.227,injected barrier,
https://data.geoscience.earth/ncl/ISO11074v2025/3.228,inoculum,
https://data.geoscience.earth/ncl/ISO11074v2025/3.229,intrinsic bioremediation,
https://data.geoscience.earth/ncl/ISO11074v2025/3.23,anaerobic biological treatment,
https://data.geoscience.earth/ncl/ISO11074v2025/3.230,investigation objective,
https://data.geoscience.earth/ncl/ISO11074v2025/3.231,investigation for compliance or performance,
https://data.geoscience.earth/ncl/ISO11074v2025/3.232,involved party,
https://data.geoscience.earth/ncl/ISO11074v2025/3.233,judgemental sampling,
https://data.geoscience.earth/ncl/ISO11074v2025/3.234,kriging,
https://data.geoscience.earth/ncl/ISO11074v2025/3.235,kubiëna tin,
https://data.geoscience.earth/ncl/ISO11074v2025/3.236,laboratory sample,
https://data.geoscience.earth/ncl/ISO11074v2025/3.237,landfarming,
https://data.geoscience.earth/ncl/ISO11074v2025/3.238,landfill,
https://data.geoscience.earth/ncl/ISO11074v2025/3.239,landfill gas,
https://data.geoscience.earth/ncl/ISO11074v2025/3.24,anaerobic transformation,
https://data.geoscience.earth/ncl/ISO11074v2025/3.240,leaching,
https://data.geoscience.earth/ncl/ISO11074v2025/3.241,leaching,
https://data.geoscience.earth/ncl/ISO11074v2025/3.242,leaching potential,
https://data.geoscience.earth/ncl/ISO11074v2025/3.243,lessivage,
https://data.geoscience.earth/ncl/ISO11074v2025/3.244,lethal concentration x,LCx
https://data.geoscience.earth/ncl/ISO11074v2025/3.245,light non-aqueous phase liquid,LNAPL
https://data.geoscience.earth/ncl/ISO11074v2025/3.246,limit test,
https://data.geoscience.earth/ncl/ISO11074v2025/3.247,limiting factor,
https://data.geoscience.earth/ncl/ISO11074v2025/3.248,locally contaminated site,
https://data.geoscience.earth/ncl/ISO11074v2025/3.249,log,
https://data.geoscience.earth/ncl/ISO11074v2025/3.25,analytical and testing strategy,
https://data.geoscience.earth/ncl/ISO11074v2025/3.250,logging,
https://data.geoscience.earth/ncl/ISO11074v2025/3.251,lower explosive limit,LEL
https://data.geoscience.earth/ncl/ISO11074v2025/3.252,lowest ineffective dilution,LID
https://data.geoscience.earth/ncl/ISO11074v2025/3.253,lowest observed effect concentration,LOEC
https://data.geoscience.earth/ncl/ISO11074v2025/3.254,made ground,
https://data.geoscience.earth/ncl/ISO11074v2025/3.255,main investigation,phase 3
https://data.geoscience.earth/ncl/ISO11074v2025/3.256,manufactured soil,
https://data.geoscience.earth/ncl/ISO11074v2025/3.257,mass balance,
https://data.geoscience.earth/ncl/ISO11074v2025/3.258,mathematically combined sample,
https://data.geoscience.earth/ncl/ISO11074v2025/3.259,maximum particle size,D95
https://data.geoscience.earth/ncl/ISO11074v2025/3.26,analytical sample,
https://data.geoscience.earth/ncl/ISO11074v2025/3.260,measurement uncertainty,
https://data.geoscience.earth/ncl/ISO11074v2025/3.261,median lethal concentration,LC50
https://data.geoscience.earth/ncl/ISO11074v2025/3.262,medium,
https://data.geoscience.earth/ncl/ISO11074v2025/3.263,metabolic quotient,q
https://data.geoscience.earth/ncl/ISO11074v2025/3.264,metric,
https://data.geoscience.earth/ncl/ISO11074v2025/3.265,microbial activity,
https://data.geoscience.earth/ncl/ISO11074v2025/3.266,microorganism,
https://data.geoscience.earth/ncl/ISO11074v2025/3.267,migration pathway,
https://data.geoscience.earth/ncl/ISO11074v2025/3.268,milling,grinding;crushing
https://data.geoscience.earth/ncl/ISO11074v2025/3.269,mineralization,
https://data.geoscience.earth/ncl/ISO11074v2025/3.27,anisotropy,
https://data.geoscience.earth/ncl/ISO11074v2025/3.270,minimum increment size,
https://data.geoscience.earth/ncl/ISO11074v2025/3.271,minimum sample size,
https://data.geoscience.earth/ncl/ISO11074v2025/3.272,mixing,
https://data.geoscience.earth/ncl/ISO11074v2025/3.273,mobile treatment system,
https://data.geoscience.earth/ncl/ISO11074v2025/3.274,mobilization,
https://data.geoscience.earth/ncl/ISO11074v2025/3.275,modified sample,
https://data.geoscience.earth/ncl/ISO11074v2025/3.276,monitoring,
https://data.geoscience.earth/ncl/ISO11074v2025/3.277,monitoring installation,
https://data.geoscience.earth/ncl/ISO11074v2025/3.278,monitoring site,
https://data.geoscience.earth/ncl/ISO11074v2025/3.279,mud sample,
https://data.geoscience.earth/ncl/ISO11074v2025/3.28,anthropogenic change,
https://data.geoscience.earth/ncl/ISO11074v2025/3.280,multi-stage sampling,nested sampling
https://data.geoscience.earth/ncl/ISO11074v2025/3.281,mycelium,
https://data.geoscience.earth/ncl/ISO11074v2025/3.282,mycorrhizal fungus,
https://data.geoscience.earth/ncl/ISO11074v2025/3.283,natural attenuation,
https://data.geoscience.earth/ncl/ISO11074v2025/3.284,natural background concentration,
https://data.geoscience.earth/ncl/ISO11074v2025/3.285,natural background value,
https://data.geoscience.earth/ncl/ISO11074v2025/3.286,natural soil material,
https://data.geoscience.earth/ncl/ISO11074v2025/3.287,negative control,
https://data.geoscience.earth/ncl/ISO11074v2025/3.288,nitrification,
https://data.geoscience.earth/ncl/ISO11074v2025/3.289,nitrogen mineralization,N-mineralization
https://data.geoscience.earth/ncl/ISO11074v2025/3.29,anthropogenic concentration,
https://data.geoscience.earth/ncl/ISO11074v2025/3.290,no observed effect concentration,NOEC
https://data.geoscience.earth/ncl/ISO11074v2025/3.291,non-aqueous phase liquid,NAPL
https://data.geoscience.earth/ncl/ISO11074v2025/3.292,non-point source input,
https://data.geoscience.earth/ncl/ISO11074v2025/3.293,non-systematic pattern,
https://data.geoscience.earth/ncl/ISO11074v2025/3.294,non-template control,
https://data.geoscience.earth/ncl/ISO11074v2025/3.295,NSO compound,
https://data.geoscience.earth/ncl/ISO11074v2025/3.296,off-site treatment,
https://data.geoscience.earth/ncl/ISO11074v2025/3.297,one-stage soil gas sampling,
https://data.geoscience.earth/ncl/ISO11074v2025/3.298,on-site treatment,
https://data.geoscience.earth/ncl/ISO11074v2025/3.299,optical density of bacterial inoculum,
https://data.geoscience.earth/ncl/ISO11074v2025/3.3,abandoned potentially hazardous site,
https://data.geoscience.earth/ncl/ISO11074v2025/3.30,anthropogenic ground,
https://data.geoscience.earth/ncl/ISO11074v2025/3.300,organic carbon,
https://data.geoscience.earth/ncl/ISO11074v2025/3.301,organic matter,
https://data.geoscience.earth/ncl/ISO11074v2025/3.302,orientation sample,
https://data.geoscience.earth/ncl/ISO11074v2025/3.303,oriented sample,
https://data.geoscience.earth/ncl/ISO11074v2025/3.304,orphan site,
https://data.geoscience.earth/ncl/ISO11074v2025/3.305,oxidation,
https://data.geoscience.earth/ncl/ISO11074v2025/3.306,parent material,
https://data.geoscience.earth/ncl/ISO11074v2025/3.307,particle size distribution,
https://data.geoscience.earth/ncl/ISO11074v2025/3.308,particle size reduction,
https://data.geoscience.earth/ncl/ISO11074v2025/3.309,partition coefficient,
https://data.geoscience.earth/ncl/ISO11074v2025/3.31,aromatic hydrocarbon,
https://data.geoscience.earth/ncl/ISO11074v2025/3.310,partition coefficient between soil and plant,
https://data.geoscience.earth/ncl/ISO11074v2025/3.311,partition coefficient between soil organic matter and soil water,
https://data.geoscience.earth/ncl/ISO11074v2025/3.312,partitioning,
https://data.geoscience.earth/ncl/ISO11074v2025/3.313,passive protective measure,
https://data.geoscience.earth/ncl/ISO11074v2025/3.314,passive soil gas sampling,
https://data.geoscience.earth/ncl/ISO11074v2025/3.315,pedo-geochemical background value,
https://data.geoscience.earth/ncl/ISO11074v2025/3.316,pedo-geochemical concentration,
https://data.geoscience.earth/ncl/ISO11074v2025/3.317,perched water table,
https://data.geoscience.earth/ncl/ISO11074v2025/3.318,percolating water,
https://data.geoscience.earth/ncl/ISO11074v2025/3.319,permanent gas,
https://data.geoscience.earth/ncl/ISO11074v2025/3.32,assessment criteria,
https://data.geoscience.earth/ncl/ISO11074v2025/3.320,permanent monitoring area,
https://data.geoscience.earth/ncl/ISO11074v2025/3.321,persistence,
https://data.geoscience.earth/ncl/ISO11074v2025/3.322,persistence,
https://data.geoscience.earth/ncl/ISO11074v2025/3.323,petroleum hydrocarbon,
https://data.geoscience.earth/ncl/ISO11074v2025/3.324,physical treatment,
https://data.geoscience.earth/ncl/ISO11074v2025/3.325,phytoavailability,
https://data.geoscience.earth/ncl/ISO11074v2025/3.326,phytoremediation,
https://data.geoscience.earth/ncl/ISO11074v2025/3.327,point source input,
https://data.geoscience.earth/ncl/ISO11074v2025/3.328,pollutant,
https://data.geoscience.earth/ncl/ISO11074v2025/3.329,polycyclic aromatic hydrocarbon,PAH
https://data.geoscience.earth/ncl/ISO11074v2025/3.33,available water capacity,
https://data.geoscience.earth/ncl/ISO11074v2025/3.330,polymerase chain reaction,PCR
https://data.geoscience.earth/ncl/ISO11074v2025/3.331,population,
https://data.geoscience.earth/ncl/ISO11074v2025/3.332,pore space,
https://data.geoscience.earth/ncl/ISO11074v2025/3.333,pore water,
https://data.geoscience.earth/ncl/ISO11074v2025/3.334,porosity,
https://data.geoscience.earth/ncl/ISO11074v2025/3.335,positive control,
https://data.geoscience.earth/ncl/ISO11074v2025/3.336,post-treatment measure,
https://data.geoscience.earth/ncl/ISO11074v2025/3.337,potentially harmful substance,
https://data.geoscience.earth/ncl/ISO11074v2025/3.338,potential soil productivity,
https://data.geoscience.earth/ncl/ISO11074v2025/3.339,precipitation,
https://data.geoscience.earth/ncl/ISO11074v2025/3.34,avoidance behaviour,
https://data.geoscience.earth/ncl/ISO11074v2025/3.340,prediction,
https://data.geoscience.earth/ncl/ISO11074v2025/3.341,preliminary assessment,
https://data.geoscience.earth/ncl/ISO11074v2025/3.342,preliminary investigation,phase 1
https://data.geoscience.earth/ncl/ISO11074v2025/3.343,pretreatment measure,
https://data.geoscience.earth/ncl/ISO11074v2025/3.344,preventive measure,
https://data.geoscience.earth/ncl/ISO11074v2025/3.345,primary biodegradation,
https://data.geoscience.earth/ncl/ISO11074v2025/3.346,primary degradation,
https://data.geoscience.earth/ncl/ISO11074v2025/3.347,primary objective,
https://data.geoscience.earth/ncl/ISO11074v2025/3.348,primary sample,
https://data.geoscience.earth/ncl/ISO11074v2025/3.349,primary treatment,
https://data.geoscience.earth/ncl/ISO11074v2025/3.35,background concentration,
https://data.geoscience.earth/ncl/ISO11074v2025/3.350,principal sampling situation,
https://data.geoscience.earth/ncl/ISO11074v2025/3.351,probabilistic sampling,
https://data.geoscience.earth/ncl/ISO11074v2025/3.352,profile description,
https://data.geoscience.earth/ncl/ISO11074v2025/3.353,project manager,
https://data.geoscience.earth/ncl/ISO11074v2025/3.354,protective measure,
https://data.geoscience.earth/ncl/ISO11074v2025/3.355,pseudo-total concentration,
https://data.geoscience.earth/ncl/ISO11074v2025/3.356,public health protection plan,
https://data.geoscience.earth/ncl/ISO11074v2025/3.357,pump and treat system,
https://data.geoscience.earth/ncl/ISO11074v2025/3.358,pure water,
https://data.geoscience.earth/ncl/ISO11074v2025/3.359,pyrolysis,
https://data.geoscience.earth/ncl/ISO11074v2025/3.36,background value,
https://data.geoscience.earth/ncl/ISO11074v2025/3.360,quantitative polymerase chain reaction,qPCR
https://data.geoscience.earth/ncl/ISO11074v2025/3.361,quantitative polymerase chain reaction standard,qPCR standard
https://data.geoscience.earth/ncl/ISO11074v2025/3.362,quality control sample,
https://data.geoscience.earth/ncl/ISO11074v2025/3.363,quantitative risk assessment,
https://data.geoscience.earth/ncl/ISO11074v2025/3.364,quartering,
https://data.geoscience.earth/ncl/ISO11074v2025/3.365,radicle,
https://data.geoscience.earth/ncl/ISO11074v2025/3.366,rate of CO2 formation,
https://data.geoscience.earth/ncl/ISO11074v2025/3.367,rate of O2 consumption,
https://data.geoscience.earth/ncl/ISO11074v2025/3.368,reaction time,
https://data.geoscience.earth/ncl/ISO11074v2025/3.369,reactive barrier,
https://data.geoscience.earth/ncl/ISO11074v2025/3.37,basal respiration,
https://data.geoscience.earth/ncl/ISO11074v2025/3.370,receptor,
https://data.geoscience.earth/ncl/ISO11074v2025/3.371,reclamation,
https://data.geoscience.earth/ncl/ISO11074v2025/3.372,reducing,
https://data.geoscience.earth/ncl/ISO11074v2025/3.373,reduction,
https://data.geoscience.earth/ncl/ISO11074v2025/3.374,reference material,RM
https://data.geoscience.earth/ncl/ISO11074v2025/3.375,reference site,
https://data.geoscience.earth/ncl/ISO11074v2025/3.376,reference soil,
https://data.geoscience.earth/ncl/ISO11074v2025/3.377,regular sampling,
https://data.geoscience.earth/ncl/ISO11074v2025/3.378,relative fluorescence,
https://data.geoscience.earth/ncl/ISO11074v2025/3.379,remedial investigation,
https://data.geoscience.earth/ncl/ISO11074v2025/3.38,basal respiration rate,RB
https://data.geoscience.earth/ncl/ISO11074v2025/3.380,remediation,
https://data.geoscience.earth/ncl/ISO11074v2025/3.381,remediation monitoring plan,
https://data.geoscience.earth/ncl/ISO11074v2025/3.382,remediation objective,
https://data.geoscience.earth/ncl/ISO11074v2025/3.383,remediation strategy,
https://data.geoscience.earth/ncl/ISO11074v2025/3.384,remediation target value,
https://data.geoscience.earth/ncl/ISO11074v2025/3.385,remediation technology,
https://data.geoscience.earth/ncl/ISO11074v2025/3.386,replicate sample,
https://data.geoscience.earth/ncl/ISO11074v2025/3.387,representative sample,
https://data.geoscience.earth/ncl/ISO11074v2025/3.388,residual contamination,
https://data.geoscience.earth/ncl/ISO11074v2025/3.389,respiratory activation quotient,QR
https://data.geoscience.earth/ncl/ISO11074v2025/3.39,bedrock,
https://data.geoscience.earth/ncl/ISO11074v2025/3.390,retention function,
https://data.geoscience.earth/ncl/ISO11074v2025/3.391,reuse of soil material,
https://data.geoscience.earth/ncl/ISO11074v2025/3.392,riffling,
https://data.geoscience.earth/ncl/ISO11074v2025/3.393,risk,
https://data.geoscience.earth/ncl/ISO11074v2025/3.394,risk analysis,
https://data.geoscience.earth/ncl/ISO11074v2025/3.395,risk assessment,
https://data.geoscience.earth/ncl/ISO11074v2025/3.396,root germination,
https://data.geoscience.earth/ncl/ISO11074v2025/3.397,safety,
https://data.geoscience.earth/ncl/ISO11074v2025/3.398,sample,
https://data.geoscience.earth/ncl/ISO11074v2025/3.399,sample container,
https://data.geoscience.earth/ncl/ISO11074v2025/3.4,abandoned waste disposal site,
https://data.geoscience.earth/ncl/ISO11074v2025/3.40,bioaccessibility,
https://data.geoscience.earth/ncl/ISO11074v2025/3.400,sample division,
https://data.geoscience.earth/ncl/ISO11074v2025/3.401,sample preservation,
https://data.geoscience.earth/ncl/ISO11074v2025/3.402,sample pretreatment,
https://data.geoscience.earth/ncl/ISO11074v2025/3.403,sampler,sampling personnel
https://data.geoscience.earth/ncl/ISO11074v2025/3.404,sample related to mass,
https://data.geoscience.earth/ncl/ISO11074v2025/3.405,sample related to unit area,
https://data.geoscience.earth/ncl/ISO11074v2025/3.406,sample size,
https://data.geoscience.earth/ncl/ISO11074v2025/3.407,sample storage,
https://data.geoscience.earth/ncl/ISO11074v2025/3.408,sample transportation,
https://data.geoscience.earth/ncl/ISO11074v2025/3.409,sample volume,
https://data.geoscience.earth/ncl/ISO11074v2025/3.41,bioavailability,
https://data.geoscience.earth/ncl/ISO11074v2025/3.410,sampling,
https://data.geoscience.earth/ncl/ISO11074v2025/3.411,sampling design,
https://data.geoscience.earth/ncl/ISO11074v2025/3.412,sampling device,
https://data.geoscience.earth/ncl/ISO11074v2025/3.413,sampling error,
https://data.geoscience.earth/ncl/ISO11074v2025/3.414,sampling network,
https://data.geoscience.earth/ncl/ISO11074v2025/3.415,sampling objective,
https://data.geoscience.earth/ncl/ISO11074v2025/3.416,sampling pattern,
https://data.geoscience.earth/ncl/ISO11074v2025/3.417,sampling plan,
https://data.geoscience.earth/ncl/ISO11074v2025/3.418,sampling point,
https://data.geoscience.earth/ncl/ISO11074v2025/3.419,sampling procedure,
https://data.geoscience.earth/ncl/ISO11074v2025/3.42,bioavailability,
https://data.geoscience.earth/ncl/ISO11074v2025/3.420,sampling programme,
https://data.geoscience.earth/ncl/ISO11074v2025/3.421,sampling record,
https://data.geoscience.earth/ncl/ISO11074v2025/3.422,sampling report,
https://data.geoscience.earth/ncl/ISO11074v2025/3.423,sampling site,
https://data.geoscience.earth/ncl/ISO11074v2025/3.424,sampling strategy,
https://data.geoscience.earth/ncl/ISO11074v2025/3.425,sampling technique,
https://data.geoscience.earth/ncl/ISO11074v2025/3.426,sampling uncertainty,
https://data.geoscience.earth/ncl/ISO11074v2025/3.427,saturated soil,
https://data.geoscience.earth/ncl/ISO11074v2025/3.428,saturated zone,
https://data.geoscience.earth/ncl/ISO11074v2025/3.429,scenario,
https://data.geoscience.earth/ncl/ISO11074v2025/3.43,bioconcentration factor,BCF
https://data.geoscience.earth/ncl/ISO11074v2025/3.430,scenario,
https://data.geoscience.earth/ncl/ISO11074v2025/3.431,secondary objective,
https://data.geoscience.earth/ncl/ISO11074v2025/3.432,secondary treatment,
https://data.geoscience.earth/ncl/ISO11074v2025/3.433,sediment,
https://data.geoscience.earth/ncl/ISO11074v2025/3.434,seedling emergence,
https://data.geoscience.earth/ncl/ISO11074v2025/3.435,segment,
https://data.geoscience.earth/ncl/ISO11074v2025/3.436,selective sample,
https://data.geoscience.earth/ncl/ISO11074v2025/3.437,selective subsampling,
https://data.geoscience.earth/ncl/ISO11074v2025/3.438,sensitive site,
https://data.geoscience.earth/ncl/ISO11074v2025/3.439,sequential sample,
https://data.geoscience.earth/ncl/ISO11074v2025/3.44,biodegradation,
https://data.geoscience.earth/ncl/ISO11074v2025/3.440,simple random sample,
https://data.geoscience.earth/ncl/ISO11074v2025/3.441,simple random sampling,
https://data.geoscience.earth/ncl/ISO11074v2025/3.442,single sample,
https://data.geoscience.earth/ncl/ISO11074v2025/3.443,site,
https://data.geoscience.earth/ncl/ISO11074v2025/3.444,site characterization,
https://data.geoscience.earth/ncl/ISO11074v2025/3.445,shallow soil,
https://data.geoscience.earth/ncl/ISO11074v2025/3.446,slot sample,
https://data.geoscience.earth/ncl/ISO11074v2025/3.447,slurry bioreactor,
https://data.geoscience.earth/ncl/ISO11074v2025/3.448,soil,
https://data.geoscience.earth/ncl/ISO11074v2025/3.449,soil characterization,
https://data.geoscience.earth/ncl/ISO11074v2025/3.45,biodiversity,
https://data.geoscience.earth/ncl/ISO11074v2025/3.450,soil damage,
https://data.geoscience.earth/ncl/ISO11074v2025/3.451,soil fertility,
https://data.geoscience.earth/ncl/ISO11074v2025/3.452,soil flushing,in situ soil washing
https://data.geoscience.earth/ncl/ISO11074v2025/3.453,soil function,
https://data.geoscience.earth/ncl/ISO11074v2025/3.454,soil gas,
https://data.geoscience.earth/ncl/ISO11074v2025/3.455,soil gas monitoring device,soil gas monitoring installation
https://data.geoscience.earth/ncl/ISO11074v2025/3.456,soil gas probe,soil gas sampling probe
https://data.geoscience.earth/ncl/ISO11074v2025/3.457,soil gas sample volume,
https://data.geoscience.earth/ncl/ISO11074v2025/3.458,soil gas suction test,
https://data.geoscience.earth/ncl/ISO11074v2025/3.459,soil material,
https://data.geoscience.earth/ncl/ISO11074v2025/3.46,biological treatment,
https://data.geoscience.earth/ncl/ISO11074v2025/3.460,soil microbial biomass,
https://data.geoscience.earth/ncl/ISO11074v2025/3.461,soil mixture ratio,
https://data.geoscience.earth/ncl/ISO11074v2025/3.462,soil pores,
https://data.geoscience.earth/ncl/ISO11074v2025/3.463,soil protection,
https://data.geoscience.earth/ncl/ISO11074v2025/3.464,soil processes,
https://data.geoscience.earth/ncl/ISO11074v2025/3.465,soil productivity,
https://data.geoscience.earth/ncl/ISO11074v2025/3.466,soil quality,
https://data.geoscience.earth/ncl/ISO11074v2025/3.467,soil reaction,
https://data.geoscience.earth/ncl/ISO11074v2025/3.468,soil redox potential,Eh
https://data.geoscience.earth/ncl/ISO11074v2025/3.469,soil rehabilitation,
https://data.geoscience.earth/ncl/ISO11074v2025/3.47,biomass,
https://data.geoscience.earth/ncl/ISO11074v2025/3.470,soil respiration rate,
https://data.geoscience.earth/ncl/ISO11074v2025/3.471,soil restoration,
https://data.geoscience.earth/ncl/ISO11074v2025/3.472,soil salinization,
https://data.geoscience.earth/ncl/ISO11074v2025/3.473,soil sampling device,
https://data.geoscience.earth/ncl/ISO11074v2025/3.474,soil specimen bank,
https://data.geoscience.earth/ncl/ISO11074v2025/3.475,soil structure,
https://data.geoscience.earth/ncl/ISO11074v2025/3.476,soil texture,
https://data.geoscience.earth/ncl/ISO11074v2025/3.477,soil vapour extraction,
https://data.geoscience.earth/ncl/ISO11074v2025/3.478,soil washing,
https://data.geoscience.earth/ncl/ISO11074v2025/3.479,soil water,
https://data.geoscience.earth/ncl/ISO11074v2025/3.48,biomass,
https://data.geoscience.earth/ncl/ISO11074v2025/3.480,soil-water partition coefficient,Kd
https://data.geoscience.earth/ncl/ISO11074v2025/3.481,solidification,
https://data.geoscience.earth/ncl/ISO11074v2025/3.482,solvent extraction,
https://data.geoscience.earth/ncl/ISO11074v2025/3.483,sorption,
https://data.geoscience.earth/ncl/ISO11074v2025/3.484,source,
https://data.geoscience.earth/ncl/ISO11074v2025/3.485,spatial composite sample,
https://data.geoscience.earth/ncl/ISO11074v2025/3.486,specific growth rate,ų
https://data.geoscience.earth/ncl/ISO11074v2025/3.487,specific surface area,
https://data.geoscience.earth/ncl/ISO11074v2025/3.488,specimen,
https://data.geoscience.earth/ncl/ISO11074v2025/3.489,split sample,
https://data.geoscience.earth/ncl/ISO11074v2025/3.49,biomass,
https://data.geoscience.earth/ncl/ISO11074v2025/3.490,spot sample,
https://data.geoscience.earth/ncl/ISO11074v2025/3.491,stabilization/solidification,
https://data.geoscience.earth/ncl/ISO11074v2025/3.492,stabilization,
https://data.geoscience.earth/ncl/ISO11074v2025/3.493,standard compound,
https://data.geoscience.earth/ncl/ISO11074v2025/3.494,standard soil,
https://data.geoscience.earth/ncl/ISO11074v2025/3.495,statistical characteristic,
https://data.geoscience.earth/ncl/ISO11074v2025/3.496,stockpile,
https://data.geoscience.earth/ncl/ISO11074v2025/3.497,stratified random sampling,
https://data.geoscience.earth/ncl/ISO11074v2025/3.498,stratified sample,
https://data.geoscience.earth/ncl/ISO11074v2025/3.499,stratified sampling,
https://data.geoscience.earth/ncl/ISO11074v2025/3.5,abiotic decomposition,
https://data.geoscience.earth/ncl/ISO11074v2025/3.50,bioreactor,
https://data.geoscience.earth/ncl/ISO11074v2025/3.500,study area,
https://data.geoscience.earth/ncl/ISO11074v2025/3.501,subhydric soil,
https://data.geoscience.earth/ncl/ISO11074v2025/3.502,sub-population,
https://data.geoscience.earth/ncl/ISO11074v2025/3.503,subsample,
https://data.geoscience.earth/ncl/ISO11074v2025/3.504,subsampling,
https://data.geoscience.earth/ncl/ISO11074v2025/3.505,sub-slab sampling location,
https://data.geoscience.earth/ncl/ISO11074v2025/3.506,subsoil,
https://data.geoscience.earth/ncl/ISO11074v2025/3.507,subsoil,undersoil
https://data.geoscience.earth/ncl/ISO11074v2025/3.508,substance input,
https://data.geoscience.earth/ncl/ISO11074v2025/3.509,substance output,
https://data.geoscience.earth/ncl/ISO11074v2025/3.51,bioremediation,
https://data.geoscience.earth/ncl/ISO11074v2025/3.510,substrate-induced respiration,SIR
https://data.geoscience.earth/ncl/ISO11074v2025/3.511,supplementary investigation,phase 4
https://data.geoscience.earth/ncl/ISO11074v2025/3.512,surface liner system,
https://data.geoscience.earth/ncl/ISO11074v2025/3.513,surrogate compound,
https://data.geoscience.earth/ncl/ISO11074v2025/3.514,suspect site,
https://data.geoscience.earth/ncl/ISO11074v2025/3.515,sustainable development,
https://data.geoscience.earth/ncl/ISO11074v2025/3.516,sustainable redevelopment,
https://data.geoscience.earth/ncl/ISO11074v2025/3.517,sustainable regeneration,
https://data.geoscience.earth/ncl/ISO11074v2025/3.518,sustainable remediation,
https://data.geoscience.earth/ncl/ISO11074v2025/3.519,systematic pattern,
https://data.geoscience.earth/ncl/ISO11074v2025/3.52,biosolid,
https://data.geoscience.earth/ncl/ISO11074v2025/3.520,systematic sampling,
https://data.geoscience.earth/ncl/ISO11074v2025/3.521,systematic unaligned sampling,
https://data.geoscience.earth/ncl/ISO11074v2025/3.522,target site,
https://data.geoscience.earth/ncl/ISO11074v2025/3.523,tertiary treatment,
https://data.geoscience.earth/ncl/ISO11074v2025/3.524,test material,
https://data.geoscience.earth/ncl/ISO11074v2025/3.525,test mixture,
https://data.geoscience.earth/ncl/ISO11074v2025/3.526,test mixture ratio,
https://data.geoscience.earth/ncl/ISO11074v2025/3.527,test portion,analytical portion
https://data.geoscience.earth/ncl/ISO11074v2025/3.528,test sample,
https://data.geoscience.earth/ncl/ISO11074v2025/3.529,test solution,analytical solution
https://data.geoscience.earth/ncl/ISO11074v2025/3.53,biotreatment bed,treatment bed
https://data.geoscience.earth/ncl/ISO11074v2025/3.530,test substance,
https://data.geoscience.earth/ncl/ISO11074v2025/3.531,test substrate,
https://data.geoscience.earth/ncl/ISO11074v2025/3.532,thermal desorption,
https://data.geoscience.earth/ncl/ISO11074v2025/3.533,thermal treatment,
https://data.geoscience.earth/ncl/ISO11074v2025/3.534,threshold,
https://data.geoscience.earth/ncl/ISO11074v2025/3.535,time to the peak maximum,tpeakmax
https://data.geoscience.earth/ncl/ISO11074v2025/3.536,topsoil,
https://data.geoscience.earth/ncl/ISO11074v2025/3.537,total concentration,
https://data.geoscience.earth/ncl/ISO11074v2025/3.538,total concentration,
https://data.geoscience.earth/ncl/ISO11074v2025/3.539,total organic carbon,TOC
https://data.geoscience.earth/ncl/ISO11074v2025/3.54,bioventing,
https://data.geoscience.earth/ncl/ISO11074v2025/3.540,total petroleum hydrocarbons,
https://data.geoscience.earth/ncl/ISO11074v2025/3.541,trace element,
https://data.geoscience.earth/ncl/ISO11074v2025/3.542,traceability,
https://data.geoscience.earth/ncl/ISO11074v2025/3.543,transect,
https://data.geoscience.earth/ncl/ISO11074v2025/3.544,translocation,
https://data.geoscience.earth/ncl/ISO11074v2025/3.545,treated soil,
https://data.geoscience.earth/ncl/ISO11074v2025/3.546,treated soil material,
https://data.geoscience.earth/ncl/ISO11074v2025/3.547,treatment line,
https://data.geoscience.earth/ncl/ISO11074v2025/3.548,treatment system,
https://data.geoscience.earth/ncl/ISO11074v2025/3.549,trend,drift
https://data.geoscience.earth/ncl/ISO11074v2025/3.55,boiling point,BP
https://data.geoscience.earth/ncl/ISO11074v2025/3.550,trial pit,trench;test pit
https://data.geoscience.earth/ncl/ISO11074v2025/3.551,two-stage soil gas sampling,
https://data.geoscience.earth/ncl/ISO11074v2025/3.552,ultimate biodegradation,
https://data.geoscience.earth/ncl/ISO11074v2025/3.553,umpire sample,referee sample;reserve sample
https://data.geoscience.earth/ncl/ISO11074v2025/3.554,unacceptable risk,
https://data.geoscience.earth/ncl/ISO11074v2025/3.555,uncertainty,
https://data.geoscience.earth/ncl/ISO11074v2025/3.556,uncertainty analysis,
https://data.geoscience.earth/ncl/ISO11074v2025/3.557,undisturbed sample,
https://data.geoscience.earth/ncl/ISO11074v2025/3.558,uniformly contaminated site,
https://data.geoscience.earth/ncl/ISO11074v2025/3.559,unit,portion;item;individual
https://data.geoscience.earth/ncl/ISO11074v2025/3.56,boring,bore;borehole
https://data.geoscience.earth/ncl/ISO11074v2025/3.560,unsaturated zone,
https://data.geoscience.earth/ncl/ISO11074v2025/3.561,upper explosive limit,UEL
https://data.geoscience.earth/ncl/ISO11074v2025/3.562,usual background value,
https://data.geoscience.earth/ncl/ISO11074v2025/3.563,usual content,
https://data.geoscience.earth/ncl/ISO11074v2025/3.564,vadose zone,
https://data.geoscience.earth/ncl/ISO11074v2025/3.565,validation plan,
https://data.geoscience.earth/ncl/ISO11074v2025/3.566,variogram,semi-variogram
https://data.geoscience.earth/ncl/ISO11074v2025/3.567,vertical barrier,
https://data.geoscience.earth/ncl/ISO11074v2025/3.568,vitrification,
https://data.geoscience.earth/ncl/ISO11074v2025/3.569,volatile organic compound,VOC
https://data.geoscience.earth/ncl/ISO11074v2025/3.57,bottom barrier system,
https://data.geoscience.earth/ncl/ISO11074v2025/3.570,volumetric sample,
https://data.geoscience.earth/ncl/ISO11074v2025/3.571,volumetric water content,Wv
https://data.geoscience.earth/ncl/ISO11074v2025/3.572,wilting point,
https://data.geoscience.earth/ncl/ISO11074v2025/3.58,bound residues,non-extractable residues
https://data.geoscience.earth/ncl/ISO11074v2025/3.59,break layer,
https://data.geoscience.earth/ncl/ISO11074v2025/3.6,abiotic degradation,
https://data.geoscience.earth/ncl/ISO11074v2025/3.60,brownfield,
https://data.geoscience.earth/ncl/ISO11074v2025/3.61,brownfield,
https://data.geoscience.earth/ncl/ISO11074v2025/3.62,bulk density,
https://data.geoscience.earth/ncl/ISO11074v2025/3.63,bulk sample,
https://data.geoscience.earth/ncl/ISO11074v2025/3.64,bulk volume,
https://data.geoscience.earth/ncl/ISO11074v2025/3.65,capillary water,
https://data.geoscience.earth/ncl/ISO11074v2025/3.66,carcinogen,
https://data.geoscience.earth/ncl/ISO11074v2025/3.67,certified reference material,CRM
https://data.geoscience.earth/ncl/ISO11074v2025/3.68,chain-of-custody procedure,
https://data.geoscience.earth/ncl/ISO11074v2025/3.69,channel sample,
https://data.geoscience.earth/ncl/ISO11074v2025/3.7,above-ground sampling,
https://data.geoscience.earth/ncl/ISO11074v2025/3.70,characteristic,
https://data.geoscience.earth/ncl/ISO11074v2025/3.71,chemical treatment,
https://data.geoscience.earth/ncl/ISO11074v2025/3.72,chemico-physical treatment,
https://data.geoscience.earth/ncl/ISO11074v2025/3.73,classification system,ranking system
https://data.geoscience.earth/ncl/ISO11074v2025/3.74,clay content,
https://data.geoscience.earth/ncl/ISO11074v2025/3.75,cloning vector,
https://data.geoscience.earth/ncl/ISO11074v2025/3.76,cluster sample,
https://data.geoscience.earth/ncl/ISO11074v2025/3.77,community relations,
https://data.geoscience.earth/ncl/ISO11074v2025/3.78,community relations plan,
https://data.geoscience.earth/ncl/ISO11074v2025/3.79,competent authority,
https://data.geoscience.earth/ncl/ISO11074v2025/3.8,accumulation,
https://data.geoscience.earth/ncl/ISO11074v2025/3.80,compliance control,performance control
https://data.geoscience.earth/ncl/ISO11074v2025/3.81,compliance point,
https://data.geoscience.earth/ncl/ISO11074v2025/3.82,composite extract,
https://data.geoscience.earth/ncl/ISO11074v2025/3.83,composite sample,aggregated sample;average sample
https://data.geoscience.earth/ncl/ISO11074v2025/3.84,composite sample,
https://data.geoscience.earth/ncl/ISO11074v2025/3.85,composting,
https://data.geoscience.earth/ncl/ISO11074v2025/3.86,concentration,
https://data.geoscience.earth/ncl/ISO11074v2025/3.87,concentration method,adsorption method
https://data.geoscience.earth/ncl/ISO11074v2025/3.88,conceptual site model,
https://data.geoscience.earth/ncl/ISO11074v2025/3.89,construction works,
https://data.geoscience.earth/ncl/ISO11074v2025/3.9,active protective measure,
https://data.geoscience.earth/ncl/ISO11074v2025/3.90,containment,isolation
https://data.geoscience.earth/ncl/ISO11074v2025/3.91,contaminant,
https://data.geoscience.earth/ncl/ISO11074v2025/3.92,contaminated site,
https://data.geoscience.earth/ncl/ISO11074v2025/3.93,contamination,
https://data.geoscience.earth/ncl/ISO11074v2025/3.94,contaminant release assessment,
https://data.geoscience.earth/ncl/ISO11074v2025/3.95,control soil,
https://data.geoscience.earth/ncl/ISO11074v2025/3.96,control substrate,
https://data.geoscience.earth/ncl/ISO11074v2025/3.97,convenience sample,
https://data.geoscience.earth/ncl/ISO11074v2025/3.98,convenience sampling,
https://data.geoscience.earth/ncl/ISO11074v2025/3.99,core,